0.69134,-0.5722708296358712,-0.218743,
-0.567792,-2.914674991907145,-2.464856,
2.759985,-0.2395017505967627,-0.10851,
2.504699,-0.14523754381863396,-0.122334,
2.220207,-0.05403322256013032,-0.065166,
-0.882034,-3.3630891095223814,-3.282671,
-0.601486,-2.9663857975400867,-2.549679,
0.270026,-1.3129254886245678,-0.736047,
-3.103106,-6.459111356667879,-5.730723,
0.392048,-1.0738798574806352,-0.559859,
1.394419,-0.0030681829164351804,0.103437,
-3.083325,-6.506115507021258,-5.787462,
2.046259,-0.010084224426444077,-0.013955,
-0.176351,-2.226572562144224,-1.554684,
1.079727,-0.15705611603912928,0.035784,
-1.104843,-3.659373130968294,-3.883275,
-0.703682,-3.1170446515821753,-2.811752,
2.335175,-0.08852564004737795,-0.094242,
3.673123,-0.5951258596445395,1.155004,
-3.795981,-1.8093450497786692,-1.927068,
1.116336,-0.1316091561127961,0.049538,
2.791108,-0.2514743708888738,-0.100505,
-1.346026,-3.999809660801581,-4.527111,
-3.404103,-4.8431675583475595,-4.541306,
0.964287,-0.2520426458124314,-0.01869,
0.008751,-1.8523408198568245,-1.183422,
-3.879274,-1.4497394406793398,-1.19122,
-1.919553,-5.056873904764133,-5.856056,
0.79369,-0.436029118206005,-0.131609,
1.940844,0.010415898970068671,0.01751,
-0.116323,-2.10762077816949,-1.429642,
0.474146,-0.9226029929799799,-0.453384,
1.669816,0.033952402026882655,0.083399,
0.780055,-0.4530576317921704,-0.142364,
1.042129,-0.1854897261421491,0.019918,
0.746978,-0.4958041708270087,-0.169539,
-0.75472,-3.1892686829054546,-2.944997,
-3.26465,-5.812297923680328,-5.171468,
-0.204095,-2.28053693162571,-1.613919,
0.915982,-0.29873022555626827,-0.046654,
-2.154999,-5.580089589459785,-6.233979,
1.230233,-0.06582316562666257,0.082023,
3.241255,-0.4289098915805378,0.243004,
-2.764314,-6.646940814316041,-6.387221,
-3.089468,-6.4921748813460525,-5.770105,
2.272863,-0.06936758518610064,-0.07921,
-1.098875,-3.6513588941232293,-3.867156,
3.435411,-0.5049235554061391,0.565877,
3.553777,-0.5503253486025295,0.829929,
-1.251952,-3.862231366206981,-4.278445,
3.739805,-0.6196634432991535,1.3647,
-3.246551,-5.910284024604616,-5.242935,
0.970077,-0.24672708397615395,-0.015546,
-1.618889,-4.452218104188745,-5.211702,
-3.588047,-3.2463691363340277,-3.479065,
-0.481879,-2.7776774619304834,-2.25262,
-1.539335,-4.310955163694846,-5.019452,
-1.876369,-4.963994216107974,-5.773183,
0.495998,-0.8839061517167113,-0.42669,
1.025702,-0.1986610883190325,0.012423,
-3.18549,-6.191708555109939,-5.467347,
1.711064,0.033607158668702564,0.075619,
-1.538096,-4.308819429415053,-5.016403,
-3.534771,-3.7097220340441246,-3.815242,
2.799521,-0.2547235155420675,-0.098063,
-2.85777,-6.696498611612128,-6.269446,
0.123329,-1.6142073497540097,-0.975737,
-0.359819,-2.569433678375773,-1.962315,
-1.486863,-4.222188622728092,-4.888951,
-3.169315,-6.253941178361263,-5.522569,
1.32414,-0.025642977839771763,0.097734,
2.237032,-0.0588422797971222,-0.069766,
-0.657713,-3.0503584084999322,-2.693029,
-0.82204,-3.282109578101672,-3.122731,
-3.390683,-4.951069951774041,-4.608256,
0.39068,-1.0764734539094811,-0.561716,
2.282724,-0.07232932755674826,-0.081715,
-1.68132,-4.568836062813764,-5.357121,
-2.369777,-6.04256189171813,-6.44516,
-2.703245,-6.588627573057492,-6.440655,
-1.63226,-4.476767658145157,-5.243275,
-3.212447,-6.076692952310735,-5.371415,
-2.965746,-6.673272504404192,-6.075352,
-1.379204,-4.0502692494542085,-4.613648,
2.956248,-0.31601336632385335,-0.028467,
3.858244,-0.6622737193385322,1.791052,
-2.411137,-6.125052821721141,-6.468368,
-2.545694,-6.369113588677434,-6.499548,
-2.369754,-6.042515222277096,-6.445146,
-1.695891,-4.596779505337986,-5.390295,
-1.710045,-4.624182473517926,-5.422227,
-2.432318,-6.166101626334967,-6.477861,
1.451648,0.010985992272990242,0.104527,
-1.669183,-4.545768724773286,-5.329258,
1.204667,-0.0788948744253748,0.076051,
-0.289981,-2.442968523276107,-1.802829,
-2.671497,-6.551677308080061,-6.461443,
1.430843,0.006305994893432754,0.104485,
2.798508,-0.25433201567051844,-0.098363,
-0.294207,-2.4507688663436826,-1.812334,
3.240573,-0.4286405104656059,0.242087,
0.909831,-0.3049780832778328,-0.050439,
1.496892,0.019545918947988294,0.103276,
3.098411,-0.37231533569096653,0.080506,
-1.925702,-5.070224255561397,-5.867548,
1.83484,0.025212661448211993,0.04687,
1.231026,-0.06543280215656466,0.082196,
1.090642,-0.14924095199450216,0.040059,
-0.182868,-2.2393096823578316,-1.568517,
3.154459,-0.3945503075980654,0.137429,
2.718193,-0.22355408850098035,-0.116812,
0.531925,-0.8218484372124899,-0.384304,
-2.138747,-5.5437753045641855,-6.212377,
-3.259199,-5.842518522221567,-5.193233,
2.226394,-0.05579144320131979,-0.066868,
-3.297455,-5.617563301140359,-5.036023,
-2.833352,-6.688871508784663,-6.304565,
-1.896633,-5.007378562856136,-5.812535,
-2.426626,-6.155155427319864,-6.475472,
-2.355313,-6.013050107954257,-6.435622,
-3.966425,-1.18764484162674,-0.346544,
-0.475207,-2.7667145550477765,-2.236396,
-2.889979,-6.699931570193355,-6.218264,
-3.209628,-6.089394657413441,-5.381675,
3.234401,-0.4262021213732097,0.233857,
-3.631537,-2.887961957599655,-3.186619,
-0.561864,-2.905463535731425,-2.450019,
2.636252,-0.19279669501104602,-0.125653,
-3.745191,-2.089703683194917,-2.342808,
1.308003,-0.03170449834805966,0.095711,
3.612588,-0.572536262859606,0.982349,
-1.784701,-4.772823606200101,-5.585568,
-1.605615,-4.428077310054311,-5.180136,
-2.771353,-6.652466805953459,-6.379894,
1.577831,0.029688766479788686,0.096755,
3.115353,-0.3790377720759115,0.096826,
0.476583,-0.918252860625064,-0.450373,
-0.449519,-2.7240571598745897,-2.174304,
-3.411196,-4.785145194630303,-4.505357,
-1.205444,-3.796765610300898,-4.154118,
0.918054,-0.29664110137363053,-0.045391,
2.723561,-0.22559354264657516,-0.115897,
-0.633794,-3.014976754043731,-2.631783,
1.943654,0.009939712463652217,0.016692,
1.907363,0.015769475608840455,0.027127,
-2.3551,-6.012613121572697,-6.435477,
-2.263855,-5.819935045274496,-6.359064,
-1.354821,-4.013079085478902,-4.550119,
3.443072,-0.5078874955503481,0.581328,
2.74734,-0.23466003798278434,-0.11131,
3.504159,-0.5313997823184162,0.712517,
0.079499,-1.7054087091513384,-1.053107,
0.981201,-0.2366812947332031,-0.00963,
-0.489706,-2.790477389919579,-2.2717,
-3.686384,-2.474593273770133,-2.794043,
-3.472244,-4.263647359398709,-4.179737,
-3.557935,-3.5059706084290165,-3.672021,
3.14236,-0.38975200095946727,0.124422,
-3.761514,-1.9943253977299844,-2.211861,
-1.578339,-4.379191547606503,-5.114612,
-3.673515,-2.5671526951002552,-2.888574,
-0.814182,-3.2713938030725287,-3.101883,
-3.139509,-6.355845473662487,-5.619795,
-2.809818,-6.67777884516507,-6.33547,
-1.308629,-3.94420228961337,-4.428789,
0.792992,-0.4368924288645979,-0.132154,
-1.41937,-4.112886183471945,-4.71742,
2.653093,-0.19905656676464423,-0.124589,
-1.265313,-3.8813236915167795,-4.314014,
-2.575506,-6.416993231686906,-6.496681,
1.915072,0.01459000749390471,0.024937,
-2.288593,-5.8731435251888175,-6.382465,
-1.260215,-3.8740228559008645,-4.30045,
1.719344,0.033381181937528925,0.073937,
0.525434,-0.8329126104283886,-0.391823,
-0.915323,-3.4075275114859465,-3.371909,
-3.870883,-1.4807247471456937,-1.268462,
-2.713041,-6.599160001724286,-6.433289,
1.73343,0.03288027829013851,0.070988,
0.845183,-0.374842548425796,-0.09333,
-0.622682,-2.998370553080068,-2.603462,
2.171022,-0.04049590549783,-0.051225,
2.26989,-0.06848004157451948,-0.078446,
-2.501024,-6.292803457888745,-6.497026,
-2.46633,-6.2301283292324054,-6.489608,
2.73522,-0.2300324666489444,-0.113757,
3.008162,-0.33653331549568355,0.00579,
-0.636181,-3.0185297785261427,-2.637879,
-2.896062,-6.699670385952766,-6.207969,
-3.279131,-5.72904784223816,-5.112626,
-1.568114,-4.361114169831595,-5.089829,
-3.006018,-6.635532440989785,-5.986051,
-3.958422,-1.2075783561038151,-0.427388,
-3.773601,-1.9269319484329386,-2.113282,
0.587139,-0.7304840865402515,-0.322811,
3.401928,-0.49193263789971775,0.500897,
0.598326,-0.7125898469020808,-0.310888,
-2.641275,-6.512776252044876,-6.476936,
1.26896,-0.047795995795146595,0.089667,
2.826865,-0.2653183415630802,-0.089272,
2.784158,-0.2487942197555184,-0.102433,
-0.693513,-3.102434177615516,-2.785379,
-3.807748,-1.7512155511087841,-1.827234,
-1.199822,-3.788948026999496,-4.139043,
0.186624,-1.4830774192280622,-0.868643,
-0.414832,-2.665313559174946,-2.091417,
-1.102951,-3.656831142962696,-3.878163,
-1.742271,-4.687512254052866,-5.493813,
-0.100438,-2.0756921058860702,-1.397283,
0.204089,-1.4471346417517066,-0.840068,
0.13817,-1.5833711453347683,-0.950132,
-3.550959,-3.5670494855407537,-3.715625,
0.311183,-1.230716041513451,-0.67424,
-0.494729,-2.798657366160493,-2.283972,
0.509238,-0.8608057003822851,-0.410851,
-0.606648,-2.9742131870623756,-2.562746,
-3.49847,-4.031899763576995,-4.030737,
-3.575818,-3.35089468866895,-3.558353,
0.051082,-1.7645245789177548,-1.104653,
-3.367456,-5.131439817202299,-4.720891,
2.999316,-0.3330321392494029,-4.78E-4,
-2.077651,-5.406897648856361,-6.124837,
0.594509,-0.7186714509017897,-0.314936,
1.030947,-0.19440554823431722,0.014854,
3.648136,-0.5858364841420847,1.081746,
0.341855,-1.1704285843135893,-0.62975,
0.587452,-0.729980539988579,-0.322474,
-3.62798,-2.916370775746874,-3.211157,
-1.667951,-4.543437842629942,-5.326419,
-0.568294,-2.915453457260686,-2.466113,
-1.843506,-4.894454650675529,-5.707682,
-2.498096,-6.287623796393818,-6.496582,
0.310542,-1.2319853926309485,-0.675184,
-0.203931,-2.280219965591409,-1.613567,
-1.847233,-4.902287608058135,-5.715213,
-0.230146,-2.3305682847179523,-1.670346,
1.912866,0.014930824095270356,0.025565,
-1.485607,-4.220105458566566,-4.885796,
-1.067776,-3.609769267438972,-3.783131,
-1.484458,-4.218201435247002,-4.882906,
2.341744,-0.09060422808767177,-0.095707,
1.683399,0.03398493551835857,0.08095,
2.620288,-0.1868951035417461,-0.126324,
-0.646762,-3.034220004264489,-2.66494,
3.336462,-0.46637566222196236,0.385397,
0.630949,-0.6616356576264386,-0.277154,
0.610876,-0.6927698614511137,-0.297729,
0.002862,-1.8645206486876815,-1.194567,
2.445326,-0.1247008232608855,-0.115053,
-1.448213,-4.158948465795355,-4.791188,
2.049797,-0.010860670545366435,-0.015026,
0.417918,-1.0252618505906104,-0.525256,
1.657496,0.033795290793789956,0.08552,
-1.684842,-4.575565415588466,-5.365167,
1.052527,-0.17738925679964224,0.024485,
-2.039707,-5.321980369670763,-6.065657,
-2.855795,-6.696036485215387,-6.272403,
2.194295,-0.04680197431680044,-0.057904,
-1.593646,-4.406506679939859,-5.151492,
0.371943,-1.1122167999367805,-0.587419,
-0.140665,-2.156196876716048,-1.479826,
-1.732205,-4.667592247899874,-5.471623,
-2.493096,-6.278730711364462,-6.495746,
-2.706556,-6.592234935549595,-6.438215,
-3.250613,-5.888879360591119,-5.227093,
0.24285,-1.3679145676552555,-0.778177,
2.279038,-0.07121904221972342,-0.080783,
3.07942,-0.3647801866025442,0.0631,
-1.677192,-4.56096915586887,-5.347667,
3.450377,-0.5107106675838575,0.596263,
0.832129,-0.38988725805261604,-0.102686,
-0.339147,-2.5325474635598835,-1.91458,
2.328711,-0.0864908372853983,-0.092777,
3.761997,-0.6277447425083209,1.439213,
2.599704,-0.17933432267912996,-0.126722,
-3.795742,-1.8105518902596178,-1.929085,
3.294955,-0.4500792417706232,0.319725,
-1.821087,-4.847640686156964,-5.661848,
0.713475,-0.5411676586289098,-0.198641,
2.31774,-0.08306164837403918,-0.090237,
-2.324395,-5.9489377645357475,-6.412832,
1.842647,0.024345434523942,0.04483,
-0.63827,-3.0216351557349364,-2.643215,
3.553922,-0.5503804130374044,0.830287,
2.357775,-0.09572134332548243,-0.099175,
0.217656,-1.4193128328143225,-0.818165,
1.882112,0.01940261612844507,0.03419,
-0.040247,-1.9532881771506667,-1.277516,
-3.722168,-2.232762442477615,-2.523267,
-0.804171,-3.257699357031172,-3.075358,
3.338766,-0.46727830637762,0.38921,
-3.576818,-3.3422967602208424,-3.551917,
2.896982,-0.2926937756079435,-0.060449,
3.87285,-0.6674371341201977,1.848661,
3.33386,-0.46535601075096045,0.381112,
-2.433282,-6.167949148283439,-6.478253,
-0.713762,-3.1314519331587705,-2.837953,
0.74644,-0.49651623737888295,-0.169993,
2.803487,-0.25625698823554144,-0.096869,
-0.06214,-1.9980466909684584,-1.320551,
-2.429252,-6.16021335839271,-6.476589,
-1.91352,-5.043804158974382,-5.844705,
0.547937,-0.7948413267514085,-0.366017,
2.246395,-0.061555997429973974,-0.072282,
0.48351,-0.9059349219332398,-0.441861,
-0.773006,-3.214734777178998,-2.993069,
1.246342,-0.05806884832960746,0.085405,
2.398586,-0.10902118173214737,-0.10726,
0.778456,-0.4550772750462859,-0.143642,
3.530024,-0.5412856939836872,0.772476,
2.705707,-0.21882113883809629,-0.118775,
2.07822,-0.017290530721336683,-0.023627,
-1.747084,-4.69708080544711,-5.504366,
-2.22863,-5.7431899069856005,-6.322447,
-1.905699,-5.02690459822902,-5.829876,
3.624543,-0.5770200663059426,1.015153,
-3.87055,-1.4819772614776503,-1.271516,
0.698204,-0.5625300186183844,-0.212435,
0.909436,-0.30538165848411847,-0.050684,
3.957061,-0.6967948370253265,2.203569,
-1.452937,-4.16658347551332,-4.803206,
3.508566,-0.5330872378886364,0.722544,
0.42961,-1.003565386091576,-0.509934,
2.29722,-0.07673221786051565,-0.085316,
2.911787,-0.29850599189384974,-0.05314,
-2.997269,-6.645299886634216,-6.006259,
-0.598964,-2.9625525607032457,-2.5433,
2.436963,-0.1218621865401226,-0.113783,
0.856644,-0.36189442931123583,-0.08531,
0.156448,-1.5454566070867561,-0.919011,
1.708537,0.033665898646081605,0.076124,
2.304158,-0.07885973390983603,-0.087004,
-2.439018,-6.178903847075022,-6.480518,
0.866061,-0.35143755027035395,-0.078854,
-2.219181,-5.72243602991626,-6.311981,
-0.425097,-2.6828352258005412,-2.115829,
-0.820814,-3.2804395915139,-3.119477,
3.615498,-0.5736286770044701,0.990275,
-0.519877,-2.8392104694273095,-2.34574,
-1.917294,-5.051976683672937,-5.851815,
2.128763,-0.029528681435543103,-0.038804,
-1.184859,-3.7682332416059503,-4.098875,
-3.773756,-1.9260855149058718,-2.112008,
3.774537,-0.632291853731775,1.482391,
-2.012196,-5.260645357312926,-6.020561,
0.562565,-0.7705302053709873,-0.349634,
-3.895066,-1.3943627761241424,-1.043929,
2.963765,-0.31898008482901075,-0.023879,
3.751818,-0.6240434235668366,1.404738,
-0.424841,-2.6823996595486936,-2.115219,
-0.28933,-2.4417652498995266,-1.801367,
-0.370048,-2.5875131960575124,-1.986095,
3.199947,-0.41257441165051345,0.190015,
2.044615,-0.009725271770221422,-0.013457,
-1.526192,-4.2883987503504475,-4.987022,
0.515542,-0.8499006148663129,-0.4034,
1.120546,-0.12882140880616566,0.051013,
1.163298,-0.10209288124085747,0.064787,
-2.777897,-6.657364661809417,-6.372862,
0.769411,-0.466591301403811,-0.15094,
-3.853849,-1.547081711863647,-1.423095,
-3.927517,-1.2919731859202774,-0.733308,
0.726608,-0.5231385693348911,-0.187043,
2.887299,-0.28889779295153106,-0.064992,
1.947808,0.009228319207863489,0.015479,
0.98248,-0.23554027182109127,-0.00896,
3.981948,-0.7053330720496942,2.316112,
1.699111,0.033842371843211705,0.077978,
2.538788,-0.15730997409282166,-0.125016,
-0.78538,-3.23185686631223,-3.02569,
-2.029032,-5.298150471741032,-6.048372,
0.153101,-1.5523931586033908,-0.924675,
3.437674,-0.5057994162240749,0.570418,
0.915122,-0.299599625852196,-0.04718,
-1.336242,-3.985135727685147,-4.501462,
-3.353074,-5.238681186215651,-4.788591,
0.440816,-0.9829388598157114,-0.495434,
-0.809158,-3.264527388048466,-3.088566,
-0.998951,-3.518406029064622,-3.597168,
0.655571,-0.6244127602166292,-0.252707,
3.754176,-0.6249016650536663,1.412677,
-0.583118,-2.93833085424987,-2.503333,
3.611987,-0.5723105677964022,0.980714,
1.40616,1.2094602243362118E-4,0.103913,
3.234529,-0.42625270022360207,0.234026,
-3.533914,-3.7173040069681913,-3.820458,
-1.983718,-5.197478208701574,-5.972018,
2.349632,-0.0931142718480884,-0.097433,
-3.509943,-3.9300049398531463,-3.963801,
2.610409,-0.1832594005837671,-0.12658,
-3.939268,-1.2584499860555494,-0.618158,
-1.820702,-4.846841397953458,-5.661054,
-2.409694,-6.122225437080182,-6.467661,
0.844155,-0.37601583926465754,-0.094059,
1.340123,-0.01996968033283464,0.099471,
-0.853734,-3.3250578104577753,-3.207066,
-3.864479,-1.5051219007091166,-1.326938,
-1.620903,-4.455900948497975,-5.216473,
2.352495,-0.09402906716122983,-0.09805,
3.421753,-0.49963155103501533,0.538876,
0.435362,-0.9929570361478981,-0.502469,
-0.938533,-3.4383721826643856,-3.434296,
-2.861199,-6.697234169422773,-6.264261,
-1.743742,-4.69043369430382,-5.497042,
-1.453016,-4.166711377292151,-4.803409,
-2.539172,-6.3583019254774715,-6.499684,
-0.843079,-3.310665158583103,-3.178672,
2.68562,-0.21124005590348505,-0.121453,
2.9225,-0.3027175929039969,-0.047574,
-2.619189,-6.482228198801515,-6.48567,
-3.859931,-1.5228487244550934,-1.368213,
0.533946,-0.8184171274068484,-0.381975,
-3.584181,-3.2792629764869132,-3.504271,
-2.458268,-6.215173077222325,-6.487219,
-2.310443,-5.919585418891705,-6.401498,
0.46342,-0.9418503252234083,-0.466741,
1.398856,-0.0018440073791547995,0.103633,
3.185089,-0.4066904450624942,0.172187,
-0.648047,-3.0361189460518783,-2.668232,
-0.179024,-2.2318012363141038,-1.560353,
1.737116,0.0327253102891345,0.070198,
-1.650075,-4.509838711394432,-5.284987,
-1.069403,-3.6119387513252943,-3.787528,
1.031857,-0.1936720079893326,0.015272,
3.374655,-0.4813094351806444,0.450959,
1.571073,0.02908177918578625,0.097498,
-3.218497,-6.048894586516251,-5.349205,
1.290046,-0.03885152941866998,0.093135,
3.27842,-0.4435702532317731,0.295131,
3.749269,-0.6231151109613324,1.396184,
3.843632,-0.6570875796518849,1.734556,
0.295564,-1.261748943017173,-0.697411,
0.491955,-0.891012688151863,-0.431576,
-1.056849,-3.5952143327717745,-3.753598,
-2.846459,-6.6934777318202805,-6.286105,
2.788659,-0.25052953892820407,-0.101194,
3.04849,-0.35251213729351116,0.036704,
2.833118,-0.2677481433743476,-0.087075,
-1.405595,-4.0912158116661566,-4.681962,
-3.369147,-5.118599864907177,-4.712827,
-3.506598,-3.95972365592826,-3.983426,
-2.39292,-6.089082832010472,-6.458898,
0.629415,-0.6639901409039388,-0.278705,
3.182875,-0.40581336103702226,0.169586,
3.766047,-0.6292148492137941,1.453071,
2.018067,-0.004093261740710563,-0.005435,
2.769554,-0.24317460428557558,-0.106219,
-3.270534,-5.778990690062834,-5.147737,
2.190976,-0.0458915371461992,-0.05696,
-2.636269,-6.506003877783376,-6.479106,
2.525744,-0.15266778768364864,-0.124128,
-2.298944,-5.895213477990854,-6.391675,
3.328519,-0.4632621712395486,0.372388,
-3.862296,-1.5135888187083544,-1.346776,
-3.404632,-4.838863074230659,-4.538636,
0.442324,-0.9801759276100941,-0.493498,
-2.565254,-6.400820146337109,-6.498086,
0.102846,-1.6568151000828153,-1.011572,
-3.966829,-1.1866585464728705,-0.342439,
0.277621,-1.2976520364362698,-0.724461,
-3.7192,-2.2519271381967125,-2.546175,
-1.463642,-4.183981562315013,-4.830371,
-0.843468,-3.311191394163472,-3.17971,
-3.376721,-5.0605144939785305,-4.676448,
-3.918387,-1.3192904455543997,-0.821794,
1.39678,-0.0024138965787190436,0.103544,
-2.064887,-5.378304304773501,-6.105329,
-3.10321,-6.45884781624698,-5.730418,
-1.71601,-4.635806965207012,-5.435595,
2.162852,-0.038326045889708116,-0.048851,
1.614881,0.03228280658842442,0.092084,
1.972861,0.004752776323506236,0.008099,
-2.035932,-5.313549498600922,-6.059576,
1.094259,-0.14669418902726905,0.041442,
1.32651,-0.02478111766845892,0.098008,
-2.063658,-5.375552310288295,-6.103428,
-2.415846,-6.134252673976011,-6.47062,
-0.335751,-2.5264433578296894,-1.90678,
3.428149,-0.5021110260980985,0.551436,
-1.117968,-3.677041706760576,-3.918707,
3.858935,-0.6625184627381118,1.793753,
0.914124,-0.30061022148966776,-0.047792,
-0.667424,-3.0645859061832685,-2.717999,
-2.488641,-6.270756543903424,-6.494917,
1.481065,0.0167978778011304,0.103918,
-1.520394,-4.278517187365603,-4.972658,
-0.431283,-2.693338393078387,-2.130589,
-3.724068,-2.2205801091381914,-2.508563,
-2.543875,-6.366110000243006,-6.499603,
-2.960917,-6.676609164253479,-6.085427,
-0.172452,-2.2189347205127503,-1.546433,
-0.182024,-2.237662205480167,-1.566725,
1.796959,0.028877611227318578,0.056425,
-1.066278,-3.607772342534831,-3.779081,
-1.257635,-3.8703356150672232,-4.293582,
-2.542369,-6.3636163145655065,-6.499639,
-1.672615,-4.552272242177976,-5.337158,
-0.290537,-2.4439958535802693,-1.804078,
-0.846564,-3.3153774956121738,-3.187955,
0.477135,-0.9172687117983975,-0.449692,
3.345281,-0.4698295227044409,0.400091,
-0.669112,-3.0670511083466994,-2.722347,
0.607022,-0.6988276095021786,-0.301746,
2.951878,-0.3142894829553087,-0.031078,
1.895047,0.017586074657466977,0.030594,
-0.183043,-2.2396512023440036,-1.568889,
2.838775,-0.26994846989227606,-0.085027,
2.878332,-0.28538655607399965,-0.069034,
3.399439,-0.49096463918381206,0.496229,
-3.951365,-1.2257925366757125,-0.49812,
3.991514,-0.7085978620428848,2.360328,
0.348853,-1.1568037497788084,-0.619788,
-1.59922,-4.416528990829686,-5.164852,
2.498375,-0.14301956235429314,-0.121711,
-2.682629,-6.565108680297813,-6.454686,
-2.476633,-6.249031253980689,-6.492299,
2.16155,-0.03798239943281656,-0.048471,
2.631491,-0.19103328675656472,-0.125887,
-1.885683,-4.983889447441941,-5.791371,
-2.852084,-6.69509289449366,-6.277905,
-1.12566,-3.687426287026599,-3.939464,
-0.270605,-2.4069669926293202,-1.759497,
0.647056,-0.6371639308420387,-0.261062,
0.370095,-1.115763831698564,-0.589981,
-3.768807,-1.9533335768701492,-2.15255,
-0.115279,-2.1055277259007377,-1.427506,
0.802305,-0.4254485155035317,-0.124948,
0.601354,-0.7077830445986986,-0.307692,
-3.897684,-1.3855440224050635,-1.019266,
1.918311,0.014084830547649307,0.024012,
0.228434,-1.3972795839357617,-0.800949,
-1.823823,-4.853325408912333,-5.66749,
3.074159,-0.3626929892699411,0.058441,
0.968085,-0.24854913872157258,-0.016623,
-0.290501,-2.443929345562997,-1.803999,
0.558138,-0.7778508531412105,-0.35456,
-3.403116,-4.851188742407388,-4.546277,
0.499785,-0.87727176916612,-0.422133,
1.523632,0.02360608167263356,0.101709,
0.842828,-0.3775332884620237,-0.095001,
-3.508803,-3.940133699630604,-3.970503,
-0.510414,-2.824028538768189,-2.322435,
-3.464179,-4.334299030964317,-4.224443,
3.307663,-0.4550754152684271,0.339229,
3.564559,-0.5544158816742644,0.856776,
-2.471404,-6.239467364861397,-6.490985,
3.775052,-0.6324782947896561,1.484179,
0.758565,-0.4805985626497251,-0.159844,
1.08677,-0.15199094915014122,0.038559,
0.599217,-0.711173800104349,-0.309947,
2.245839,-0.06139411276967843,-0.072134,
-3.57649,-3.3451159375169293,-3.554031,
-1.125063,-3.68661947911326,-3.937854,
-1.72661,-4.6565742091927,-5.45922,
-1.275882,-3.8965240937754717,-4.342098,
-0.857036,-3.329509403875577,-3.215875,
1.7378,0.03269547357271341,0.070051,
-0.917286,-3.4101399551616143,-3.377183,
-0.712478,-3.129620810393638,-2.834614,
-3.392815,-4.9340990634017725,-4.597708,
-3.970547,-1.1776704579924977,-0.304637,
-1.189568,-3.7747383420796754,-4.111523,
0.330028,-1.1935677566149097,-0.646745,
3.390403,-0.48744787081994234,0.479471,
-3.937579,-1.2631574659678626,-0.634793,
0.455305,-0.9565202574627745,-0.476958,
-1.189016,-3.7739751429142188,-4.11004,
-3.468125,-4.299778155210058,-4.202634,
-3.869873,-1.48452908719945,-1.277715,
0.61735,-0.6826517662575466,-0.291029,
1.488504,0.018121974308065614,0.103643,
3.413815,-0.49655130775362233,0.523497,
-2.111273,-5.4822579823722695,-6.174229,
-2.944539,-6.68615984456471,-6.118604,
0.887241,-0.32851677901873355,-0.064779,
2.686197,-0.21145723402829075,-0.121385,
-1.151683,-3.722741202554032,-4.009622,
-3.833106,-1.6343770933019202,-1.607517,
1.75054,0.03207851178493959,0.067263,
-1.011562,-3.5351065720400237,-3.631223,
-0.276477,-2.4179183354537,-1.772586,
3.138644,-0.38827803957079476,0.120507,
1.726955,0.03312860099853543,0.072357,
-3.782051,-1.8814423137124892,-2.043532,
-3.606537,-3.091203577911449,-3.356732,
-2.479322,-6.253925261231926,-6.492934,
2.041154,-0.008973424763139004,-0.01241,
-1.904434,-5.024175927672445,-5.827468,
-1.778923,-4.761080908232907,-5.573247,
-3.02894,-6.605512123517302,-5.930949,
-0.100812,-2.0764458152328937,-1.398041,
0.777855,-0.45583760866233325,-0.144123,
-1.518157,-4.2747159118721445,-4.967107,
3.922935,-0.6849836020499667,2.054996,
-1.62186,-4.457652794167263,-5.218737,
2.266295,-0.06741018355030137,-0.077517,
2.651864,-0.19859859376191968,-0.124679,
1.923405,0.013278929301893339,0.022552,
1.550149,0.026932289394166364,0.099574,
1.363324,-0.012306454144286327,0.101526,
0.305323,-1.242334075716205,-0.682892,
-3.605737,-3.0978377964361017,-3.362091,
-1.409189,-4.096849726843898,-4.691227,
2.925277,-0.30381007145096506,-0.046092,
2.371324,-0.10009424509196885,-0.101981,
2.564618,-0.16658170041203535,-0.126245,
0.621947,-0.6755113739281069,-0.286309,
2.162189,-0.03815098115077964,-0.048657,
-2.499899,-6.29081579579721,-6.49686,
-0.67462,-3.0750791511662663,-2.736542,
-1.961244,-5.147927207238288,-5.932416,
-3.26553,-5.807361836579437,-5.167935,
-2.711394,-6.597418992718554,-6.434558,
-0.244368,-2.3576084185553063,-1.701478,
-1.928663,-5.076663314645579,-5.873054,
-0.603534,-2.969494234921932,-2.55486,
0.115465,-1.6305605095526219,-0.989428,
1.070869,-0.16354270561851258,0.032207,
2.330588,-0.08708061066027417,-0.093205,
3.936885,-0.6898261017661844,2.114936,
3.335319,-0.4659277859948223,0.383512,
-3.256882,-5.855178839457926,-5.202424,
-3.911524,-1.3405793480847703,-0.887739,
-2.833899,-6.689086839544862,-6.303813,
-2.417466,-6.137408033284377,-6.471376,
-2.45707,-6.212938715119286,-6.486843,
1.042691,-0.18504723151904656,0.020169,
1.700338,0.0338232277835826,0.077739,
0.934285,-0.2805453905062407,-0.035692,
-3.746755,-2.080347224112088,-2.33037,
-0.684334,-3.0891787104800996,-2.761623,
2.292719,-0.07535895716063967,-0.084208,
2.683018,-0.2102611269893413,-0.121758,
-1.194867,-3.7820737826491517,-4.125747,
-3.562024,-3.47030871391182,-3.646266,
-3.5388,-3.674110570758524,-3.790651,
2.468286,-0.13256461925215168,-0.118239,
0.585418,-0.7332557429319064,-0.32466,
-0.93389,-3.432208972146871,-3.421807,
-1.836627,-4.880034500176503,-5.693717,
-1.48204,-4.214199750423068,-4.876824,
-1.333837,-3.9815426448744904,-4.495151,
-0.815377,-3.273025258484893,-3.105051,
3.268146,-0.43952150693469116,0.280288,
-1.251186,-3.861140852533578,-4.276402,
-1.293961,-3.922734577110044,-4.390022,
-3.457343,-4.393864428487804,-4.261935,
1.574297,0.02937660348436877,0.097148,
-3.523511,-3.809499885688363,-3.88325,
3.273571,-0.44165977889553654,0.288084,
-0.92516,-3.420611584090565,-3.398337,
-3.874094,-1.4687371176224242,-1.238991,
0.484825,-0.9036044281713855,-0.440253,
-3.657751,-2.684354973860579,-3.002343,
1.056557,-0.1742987152226072,0.026218,
2.574657,-0.17021247778603454,-0.126525,
-2.795428,-6.669309415756336,-6.352964,
-1.292473,-3.9205670686730456,-4.386082,
-1.256395,-3.868565245638186,-4.290282,
-2.660983,-6.53853945974536,-6.467302,
-1.248519,-3.8573473633821442,-4.269294,
1.075684,-0.16000065315328138,0.034164,
3.246207,-0.43086550859446016,0.249702,
3.310294,-0.4561090777095651,0.343332,
-1.426241,-4.123773849620267,-4.735052,
1.57457,0.02940112765069136,0.097118,
-1.61258,-4.4407155763978885,-5.196725,
1.855566,0.022828971870054726,0.041405,
-3.541091,-3.6538878993043302,-3.776613,
2.43622,-0.12161067097522205,-0.113668,
3.295902,-0.45045175109107616,0.321161,
3.867483,-0.6655422350235454,1.827361,
2.649939,-0.19788162287855515,-0.124816,
0.601351,-0.7077877991891097,-0.307696,
3.483063,-0.5233052189594889,0.665581,
0.610949,-0.6926553667756283,-0.297653,
-1.179054,-3.7602312798962374,-4.083274,
2.995725,-0.3316113267990546,-0.002971,
-1.845413,-4.898460791510102,-5.711538,
-0.883324,-3.3648165965545087,-3.286122,
-2.337916,-5.977140028111224,-6.423197,
-2.771606,-6.652660486465955,-6.379626,
-0.493667,-2.7969301311656296,-2.281377,
-1.128386,-3.6911121205342785,-3.946817,
2.82389,-0.264163193020853,-0.090293,
-3.538188,-3.679516144571639,-3.794397,
-0.245396,-2.359555280560276,-1.703736,
2.556256,-0.1635689161828453,-0.125926,
2.971004,-0.3218386823635142,-0.019343,
1.203835,-0.07933627806094146,0.075844,
-2.349198,-6.000477876163055,-6.431373,
-2.421184,-6.1446309960065015,-6.473076,
1.695248,0.03389511103873,0.078722,
-3.228417,-6.001714454886745,-5.312247,
-3.769556,-1.9491802606352473,-2.146425,
1.156285,-0.10628245697327143,0.062678,
1.038094,-0.18868244788986077,0.018109,
-2.822819,-6.684343117051601,-6.318752,
-0.453433,-2.730602988601556,-2.183728,
1.692361,0.03392702950994542,0.079273,
-3.627509,-2.9201457631628105,-3.214398,
-1.814617,-4.834229780370146,-5.648454,
0.137496,-1.5847706940471835,-0.951288,
1.202255,-0.08017732504850539,0.075449,
-3.605915,-3.096361028468532,-3.360897,
2.293055,-0.07546128068979963,-0.084291,
0.978998,-0.2386533999747078,-0.010789,
-0.465635,-2.75090288366725,-2.213192,
-2.028201,-5.2962969146707,-6.047017,
2.380551,-0.10309675521106465,-0.103824,
-0.329201,-2.514634900150439,-1.891771,
-2.861163,-6.697226889997747,-6.264317,
1.607795,0.03188095635160293,0.093054,
-1.215053,-3.8101728458506696,-4.179865,
2.607488,-0.18218686631536274,-0.126632,
1.132993,-0.12074405889966222,0.055251,
-2.743188,-6.628810330263683,-6.407747,
0.545165,-0.7994874109983594,-0.369155,
-3.116212,-6.424507327765939,-5.691763,
-0.586367,-2.943316606992839,-2.511512,
-1.745124,-4.693180787756567,-5.500072,
-2.431037,-6.163643716987801,-6.477333,
3.684204,-0.5992292473867677,1.188405,
-0.433781,-2.6975678267442693,-2.136559,
-2.892616,-6.699855276280848,-6.213826,
-1.528201,-4.291832547341871,-4.99199,
-3.092952,-6.484008093816341,-5.760156,
1.320925,-0.026823684098326694,0.097353,
0.886568,-0.3292323892959206,-0.065217,
0.837578,-0.3835688123291967,-0.098752,
2.772836,-0.24443604719759682,-0.105399,
-0.69443,-3.1037548814264313,-2.787754,
3.988328,-0.7075115701084909,2.345542,
-3.348733,-5.270341099583712,-4.808722,
-3.832937,-1.6351184176019022,-1.608998,
-3.154578,-6.306354037932461,-5.571367,
-0.001555,-1.8736486347928651,-1.202955,
-0.346616,-2.545928520832661,-1.931776,
-2.532652,-6.347377435778878,-6.499646,
-0.440123,-2.7082749220998585,-2.151743,
2.418168,-0.11553458774813086,-0.110728,
-2.633626,-6.502391949558406,-6.480206,
1.604963,0.03170804674861527,0.093432,
1.506014,0.021012315895195588,0.102809,
-8.31E-4,-1.8721528971423473,-1.201579,
-1.45716,-4.173430769677735,-4.813935,
-0.889273,-3.3727769429740477,-3.302049,
-3.380973,-5.027502629424225,-4.655837,
0.437888,-0.9883122138281659,-0.499205,
-1.214331,-3.809163414089159,-4.177931,
0.89528,-0.3200330788145611,-0.059597,
-3.800477,-1.7868370744307325,-1.889084,
0.179236,-1.4983201410502125,-0.880857,
3.090021,-0.36898627973555564,0.072702,
-1.486266,-4.221198217864153,-4.887453,
-2.802289,-6.673501751307951,-6.344754,
2.079686,-0.017631258135807126,-0.024069,
0.057194,-1.7518166917788087,-1.093477,
3.664692,-0.5919970873032105,1.129967,
2.044448,-0.009688874273449333,-0.013407,
-1.320271,-3.961375695151656,-4.459478,
2.53037,-0.15431096222496032,-0.124463,
2.673651,-0.20674313650008758,-0.122777,
2.779175,-0.2468748810341963,-0.103764,
2.835717,-0.26875879431058136,-0.086141,
1.40223,-9.285784335326674E-4,0.103769,
1.710774,0.03361414370964111,0.075677,
-1.775282,-4.753701213579303,-5.565452,
3.461067,-0.5148365948000149,0.618484,
3.344448,-0.4695034256219315,0.398691,
-1.506963,-4.255787898376456,-4.939259,
-3.04103,-6.586968528711276,-5.900616,
0.12685,-1.6068881789384588,-0.969634,
-0.790946,-3.2395309824072727,-3.040385,
0.220754,-1.4129731113302921,-0.813201,
2.833443,-0.2678745002188614,-0.086959,
2.271754,-0.06903621587432296,-0.078925,
1.851682,0.023295452859621424,0.042441,
3.498473,-0.5292207798616242,0.699694,
-0.2113,-2.294437767372664,-1.629448,
2.771415,-0.24388977691126046,-0.105756,
0.126682,-1.60723736103458,-0.969925,
-0.009746,-1.890557868564715,-1.21858,
-3.28334,-5.704044459337474,-5.095244,
3.617131,-0.5742414246539265,0.99474,
-0.195883,-2.2646353794186056,-1.596293,
3.559312,-0.5524262579962564,0.843652,
-2.880224,-6.699731463303298,-6.234356,
-0.546051,-2.8807211579111676,-2.410581,
-1.841375,-4.88998232874377,-5.703366,
2.642046,-0.1949464826643985,-0.125329,
2.31709,-0.0828594531563076,-0.090084,
-3.271876,-5.771294446044754,-5.142292,
-1.019835,-3.54606818809622,-3.653572,
1.606433,0.03179867936573322,0.093236,
0.947162,-0.2681141671749656,-0.028248,
-1.806045,-4.8165323312894035,-5.630592,
2.756633,-0.23821695689339295,-0.109277,
-1.155197,-3.7275333412823346,-4.019087,
-2.482121,-6.259001823193794,-6.493565,
-1.470003,-4.194383651098931,-4.846467,
-1.221645,-3.81940483157299,-4.197512,
1.350986,-0.016298229318695956,0.100501,
0.753128,-0.4877025092934084,-0.16437,
0.814644,-0.4105350422485281,-0.115588,
-2.085549,-5.424598365077333,-6.136701,
3.531841,-0.5419785290046062,0.77679,
0.486356,-0.9008943275729355,-0.438383,
3.611096,-0.5719759182253772,0.978297,
-3.188918,-6.177874192102799,-5.455421,
-1.996853,-5.226565593892996,-5.994639,
-2.149003,-5.5667004921353715,-6.226094,
0.411689,-1.0368922557107623,-0.5335,
0.261565,-1.32999080582691,-0.749053,
2.11988,-0.02730630932934064,-0.036155,
-2.482221,-6.2591828588605125,-6.493587,
-2.808393,-6.676995666594898,-6.337249,
0.498362,-0.8797621748117366,-0.423843,
-0.009138,-1.8893035671447937,-1.217416,
2.728899,-0.2276243069642212,-0.114943,
1.821972,0.026559737626934865,0.050181,
0.156952,-1.5444123496436934,-0.918159,
-0.272215,-2.409973173735859,-1.763084,
1.879084,0.019814124084566398,0.035024,
-0.9077,-3.397374900635963,-3.351448,
1.661573,0.033860869470592636,0.084829,
1.678604,0.03399012016561498,0.081828,
3.393516,-0.4886598873306158,0.485212,
1.092339,-0.14804342124917058,0.04071,
1.782835,0.030006116895861634,0.05983,
-2.60468,-6.461246113383805,-6.490241,
3.652638,-0.5875138715646133,1.094737,
2.703281,-0.21790333451227495,-0.119129,
2.117214,-0.026645132315928688,-0.035359,
3.086118,-0.3674376657167646,0.069133,
0.713836,-0.540667834405824,-0.198318,
3.948345,-0.6937894586017275,2.164998,
2.238424,-0.05924405139014377,-0.070142,
-0.698102,-3.109037089792673,-2.797272,
2.579989,-0.17214687856026023,-0.126628,
0.952742,-0.2628198455302182,-0.025091,
2.270651,-0.06870698660274899,-0.078642,
-3.392829,-4.93398740309161,-4.597639,
-1.235097,-3.83833427602424,-4.233475,
3.263007,-0.4374951498666637,0.272989,
-2.366325,-6.035548057852086,-6.442949,
2.985331,-0.3275005201207075,-0.010023,
3.905613,-0.6789433054427794,1.982076,
3.275711,-0.44250301528350766,0.291186,
0.709864,-0.5461804520108227,-0.201872,
0.728305,-0.5208320948805087,-0.185562,
-1.828437,-4.862930254847644,-5.676975,
3.525551,-0.5395791758372765,0.761914,
0.183036,-1.4904774373629803,-0.874565,
-3.439422,-4.548311847555087,-4.358449,
1.220664,-0.07060480433118954,0.079875,
3.582803,-0.5613187172765906,0.903316,
-3.200796,-6.12816338409762,-5.413479,
-3.252414,-5.879280441192941,-5.220036,
0.452219,-0.9621230348810852,-0.480867,
-3.689834,-2.4502707227589506,-2.768449,
2.299194,-0.07733622046232336,-0.085799,
2.938497,-0.3090148931252812,-0.038818,
2.306731,-0.07965201227166885,-0.087623,
3.228967,-0.4240545284660828,0.226706,
-3.726863,-2.2027817870776363,-2.486868,
0.493353,-0.8885526148207474,-0.429884,
-0.637422,-3.0203750295403897,-2.641048,
-1.255249,-3.8669301108220524,-4.287229,
-0.313167,-2.4855337739845855,-1.855214,
3.044595,-0.35096784780702395,0.033548,
1.979576,0.003500315370686291,0.006104,
0.982239,-0.2357550526131873,-0.009086,
3.829996,-0.6522294490061946,1.682844,
-2.957034,-6.679117697827154,-6.093432,
-0.760599,-3.1974781015170817,-2.960435,
2.979666,-0.3252611399977128,-0.013762,
1.436374,0.007597145576246245,0.104535,
2.037778,-0.008245072693788824,-0.011388,
-2.067103,-5.383266984572828,-6.108745,
-2.007509,-5.250223754916185,-6.0127,
2.725734,-0.22641990562324432,-0.115514,
2.441563,-0.12342182401611312,-0.114488,
-3.655746,-2.6995532445630066,-3.01665,
-3.343517,-5.307934638859942,-4.832726,
3.117734,-0.3799824946413328,0.09918,
-1.470902,-4.195857654324383,-4.848738,
1.582066,0.030047762672997802,0.096272,
1.760181,0.03153529682812595,0.065098,
1.367667,-0.01094592990708776,0.101851,
-3.579199,-3.3218599705480067,-3.536561,
3.207258,-0.4154682167646251,0.199024,
-1.623268,-4.4602323943872495,-5.222066,
2.874071,-0.28371948475174813,-0.070899,
0.800507,-0.42764533171749,-0.12633,
3.90789,-0.6797390245946429,1.991568,
-2.894898,-6.69974369566315,-6.209954,
2.908231,-0.29710908235427835,-0.054936,
-1.882387,-4.976839979490379,-5.784953,
3.970839,-0.7015297142123651,2.265433,
-3.829342,-1.6510051877242815,-1.640525,
-3.484464,-4.155967098353955,-4.111002,
2.023606,-0.005242412283160913,-0.007106,
0.300352,-1.2522132954230742,-0.690272,
-3.864866,-1.5036289143295085,-1.323413,
1.838729,0.02478533201749089,0.045856,
-3.207044,-6.1008979586620615,-5.391035,
0.733476,-0.5138367160635355,-0.181076,
-3.034036,-6.597930989458462,-5.918271,
-0.38698,-2.617187646243045,-2.025686,
2.478393,-0.13605803504591618,-0.119497,
2.402365,-0.11027171227837274,-0.107951,
-0.785007,-3.2313419907299017,-3.024705,
-0.41692,-2.6688870252836536,-2.096376,
1.550557,0.026978157968952754,0.099537,
-1.106545,-3.6616608841735974,-3.887869,
3.056564,-0.3557138354121574,0.043365,
0.591907,-0.7228314166778547,-0.317707,
-1.227983,-3.8283082364000545,-4.214464,
-3.046476,-6.577977163514202,-5.886662,
2.93498,-0.307629586659353,-0.040789,
-0.908429,-3.3983463548085147,-3.353405,
2.05567,-0.012161401238530711,-0.016804,
3.492616,-0.5269741319288355,0.686618,
3.571335,-0.5569824272718864,0.873898,
-3.174175,-6.235766222949376,-5.50616,
-3.942479,-1.24960139015606,-0.586441,
3.633851,-0.580503520791225,1.041129,
-0.920268,-3.4141070801562967,-3.385191,
2.434606,-0.12106469519370266,-0.113415,
0.253822,-1.3456524841673319,-0.761043,
2.560102,-0.16495329805893144,-0.126082,
-3.057137,-6.559193652555077,-5.858824,
1.730393,0.033000556661075375,0.071633,
3.252601,-0.4333896359292466,0.258462,
-0.09245,-2.0595722001536196,-1.381128,
-3.403026,-4.851919503337408,-4.546726,
3.396457,-0.4898045023837141,0.490667,
1.089561,-0.15000623925938372,0.039642,
1.456113,0.011928182668309528,0.104484,
-3.623804,-2.949946952188004,-3.239823,
-1.143028,-3.710962750633699,-3.986301,
3.258349,-0.43565779172373587,0.266445,
0.866752,-0.35067670266756146,-0.078385,
2.566263,-0.16717562177847656,-0.126298,
-0.930989,-3.4283564975443963,-3.414005,
2.22521,-0.05545404957209543,-0.066544,
-3.784348,-1.8693065922409962,-2.024456,
2.317592,-0.0830156004233582,-0.090202,
2.986414,-0.3279287233483168,-0.009299,
2.178006,-0.042369041458445,-0.053244,
-1.924729,-5.068109798046308,-5.865735,
2.167747,-0.03962331839118294,-0.050275,
-3.554475,-3.5362292936185775,-3.6937,
-1.240384,-3.845808279741004,-4.247591,
-2.107723,-5.474302092864011,-6.169152,
-2.076729,-5.404831610970184,-6.123441,
-3.777184,-1.9074805339939274,-2.083786,
-2.464289,-6.226355645267443,-6.489027,
-2.587652,-6.435742071363784,-6.494442,
1.650905,0.03366057593937066,0.086615,
-1.985628,-5.201702435014036,-5.975332,
2.9469,-0.3123265161811948,-0.034002,
3.901853,-0.67762820717221,1.966467,
-0.471836,-2.7611573881803104,-2.228216,
3.087264,-0.36789236563039696,0.070177,
1.495253,0.019273400258045026,0.103353,
3.916405,-0.6827100799832491,2.027312,
-1.696695,-4.598329275386725,-5.392117,
-1.64721,-4.504492348190109,-5.278306,
-1.084797,-3.6324984542068397,-3.829126,
-3.633705,-2.8707343777887897,-3.17161,
2.11466,-0.026014268835212295,-0.034595,
0.61159,-0.6916504047796956,-0.296987,
-0.921183,-3.415324016765062,-3.38765,
1.628793,0.03294527202064357,0.090077,
-2.58065,-6.424988975880293,-6.495809,
-0.279362,-2.423285917092253,-1.77903,
0.385443,-1.0864227466936751,-0.568849,
-0.542673,-2.875403109138904,-2.402181,
3.781364,-0.6347614252818556,1.506224,
-0.567886,-2.914820779124884,-2.465091,
1.385738,-0.005530574001777033,0.103,
0.437543,-0.988946100241058,-0.499651,
-3.730971,-2.176887781314077,-2.454849,
-1.34586,-3.9995599312798897,-4.526676,
3.390061,-0.487314687733011,0.478843,
3.740227,-0.6198175205075773,1.366095,
-2.788162,-6.664570413144721,-6.361399,
-0.116599,-2.1081739846912426,-1.430206,
1.81125,0.027602538871206672,0.05289,
-2.078884,-5.4096607005768345,-6.1267,
-0.933334,-3.431470714649089,-3.420311,
-0.440363,-2.70867924533218,-2.152317,
1.991769,0.0011703878155908676,0.002466,
-2.482425,-6.259552099758258,-6.493632,
0.143356,-1.5726056939341215,-0.941255,
-0.907992,-3.397764029568744,-3.352231,
3.265233,-0.43837297861991553,0.276141,
0.192152,-1.471686505843277,-0.859553,

